<?xml version="1.0" encoding="UTF-8"?>
<rules lang="tl-PH" xmlns="http://www.languagetool.org/xml/rules">
    <!-- Ligature -na -ng -g errors section-->
    <category id="ligature_errors" name="Ligature -na -ng -g errors">
        <rule id="LIGATURE_NA" name="Incorrect Use of 'na' Instead of '-ng'">
            <pattern>
                <token regexp="yes">(\b\p{L}*[aeiou])</token>
                <token>na</token>
                <token regexp="yes">(\p{L}+)</token>
            </pattern>
            <message>Maling paggamit ng 'na'. Dapat ay "<match no="1"/>ng <match no="3"/>".</message>
            <suggestion><match no="1"/>ng <match no="3"/></suggestion>
            <example correction="malaking bahay">
                <incorrect>malaki na bahay</incorrect>
                <correct>malaking bahay</correct>
            </example>
            <example correction="mabuting tao">
                <incorrect>mabuti na tao</incorrect>
                <correct>mabuting tao</correct>
            </example>
            <example correction="magandang lugar">
                <incorrect>maganda na lugar</incorrect>
                <correct>magandang lugar</correct>
            </example>
        </rule>
    </category>


    <category id="between_errors" name="between errors">
        <rule id="BETWEEN_NARIN" name="Wrong use of 'narin' when it should be corrected to 'na rin'">
            <pattern> 
                <token regexp="yes">narin</token>
            </pattern>
            <message>Ang mga salitang "na" at "rin" ay dapat magkahiwalay: "na rin"</message>
            <suggestion>na rin</suggestion>
            <example correction="na rin">Hindi <marker>narin</marker> siguro.</example>
            <example>Hindi na rin siguro.</example>
        </rule>

        <rule id="BETWEEN_PARIN" name="Wrong use of 'parin' when it should be corrected to 'pa rin'">
            <pattern>
                <token regexp="yes">parin</token>
            </pattern>
            <message>Ang mga salitang "pa" at "rin" ay dapat magkahiwalay: "pa rin"</message>
            <suggestion>pa rin</suggestion>
            <example correction="pa rin">Hindi <marker>parin</marker> siguro.</example>
            <example>Hindi pa rin siguro.</example>
        </rule>

        <rule id="BETWEEN_PALANG" name="Wrong use of 'palang' when it should be corrected to 'pa lang'">
            <pattern>
                <token regexp="yes">palang</token>
            </pattern>
            <message>Ang mga salitang "pa" at "lang" ay dapat magkahiwalay: "pa lang"</message>
            <suggestion>pa lang</suggestion>
            <example correction="pa lang">Nandito <marker>palang</marker> ako sa LRT.</example>
            <example>Nandito pa lang ako sa LRT.</example>
        </rule>

        <rule id="BETWEEN_NALANG" name="Wrong use of 'nalang' when it should be corrected to 'na lang'">
            <pattern>
                <token regexp="yes">nalang</token>
            </pattern>
            <message>Ang mga salitang "na" at "lang" ay dapat magkahiwalay: "na lang"</message>
            <suggestion>na lang</suggestion>
            <example correction="na lang">Dito <marker>nalang</marker> ako.</example>
            <example>Dito na lang ako.</example>
        </rule>

        <rule id="BETWEEN_NANAMAN" name="Wrong use of 'narin' when it should be corrected to 'na rin'">
            <pattern>
                <token regexp="yes">nanaman</token>
            </pattern>
            <message>Ang mga salitang "na" at "naman" ay dapat magkahiwalay: "na naman"</message>
            <suggestion>na naman</suggestion>
            <example correction="na naman">Nandyan ka <marker>nanaman</marker>?</example>
            <example>Nandyan ka na naman?</example>
        </rule>
    </category>


    <category id="repeated" name="repeated">
        <rule id="REPEATED_KA" name="Repeated 'ka'">
            <pattern>
                <token regexp="yes">\b(kaka\p{L}+)\b</token>
            </pattern>
            <message>Maling pag-ulit ng 'ka' sa "<match no="1"/>". Inuulit dapat ang root word.</message>
            <suggestion></suggestion>
            <example correction="magandang bahay">
                <incorrect>Kakagising</incorrect>
                <correct>Kagigising</correct>
            </example>
        </rule>
    </category>

    <category id="KT_CT_ERROR" name="KT_CT_ERROR">
        <rule id="KT_CT" name="KT-CT Error">
            <pattern>
                <token regexp="yes">\b\w*(kt|ct)\b</token>
            </pattern>
            <message>Sa isang patnig ay hindi pinatutunog ang T sa KT sa isang patnig, kaya't dapat k lang ito.</message>
            <suggestion></suggestion>
            <example correction="kt">Hindi <marker>kt</marker> ako.</example>
            <example>Hindi ako korekt.</example>
        </rule>
    </category>

</rules>
